"First Name","Last Name","Gender","Age","Email","Phone","Education","Occupation","Experience (Years)","Salary","Marital Status","Number of Children"
"Carina","Watson","Female","32","c.watson@randatmail.com","036-8818-68","Upper secondary","Scientist","16","63735","Married","0"
"James","Carter","Male","32","j.carter@randatmail.com","805-4858-71","Doctoral","Fashion Designer","14","34720","Married","5"
"Chester","Lloyd","Male","31","c.lloyd@randatmail.com","214-7622-23","Upper secondary","Cook","7","52511","Married","5"
"Jessica","Carroll","Female","32","j.carroll@randatmail.com","500-5428-27","Lower secondary","Pharmacist","15","36546","Married","5"
"Lucas","Howard","Male","35","l.howard@randatmail.com","477-6142-87","Lower secondary","Graphic Designer","15","197183","Single","4"
"Isabella","Morgan","Female","39","i.morgan@randatmail.com","531-2934-80","Master","Salesman","2","140682","Married","1"
"Jared","Brown","Male","37","j.brown@randatmail.com","824-6242-71","Upper secondary","Salesman","11","161646","Married","0"
"Rafael","Turner","Male","32","r.turner@randatmail.com","277-0259-46","Doctoral","Interior Designer","7","41308","Married","3"
"Stella","Casey","Female","35","s.casey@randatmail.com","354-0839-95","Doctoral","Pharmacist","14","172279","Single","5"
"Amelia","Hall","Female","38","a.hall@randatmail.com","733-8966-90","Master","Photographer","12","86522","Single","4"
"Spike","Hamilton","Male","31","s.hamilton@randatmail.com","609-7080-05","Master","Scientist","7","106583","Married","5"
"Jessica","Elliott","Female","33","j.elliott@randatmail.com","906-2412-43","Master","Geologist","0","125880","Single","5"
"Haris","Walker","Male","35","h.walker@randatmail.com","118-4686-06","Primary","Medic","16","74299","Single","4"
"Victor","Farrell","Male","37","v.farrell@randatmail.com","893-1851-25","Master","Driver","18","130781","Single","0"
"Lilianna","Thomas","Female","34","l.thomas@randatmail.com","585-1339-16","Lower secondary","Historian","1","77617","Single","0"
"Marcus","Murray","Male","35","m.murray@randatmail.com","124-0436-59","Master","Social Worker","7","81836","Married","0"
"Melanie","Foster","Female","36","m.foster@randatmail.com","403-0703-38","Lower secondary","Manager","3","66957","Single","5"
"Olivia","Campbell","Female","38","o.campbell@randatmail.com","195-9954-32","Master","Singer","2","45650","Single","0"
"Ashton","Andrews","Male","33","a.andrews@randatmail.com","156-7457-97","Upper secondary","Aeroplane Pilot","13","74377","Married","5"
"Kellan","Ellis","Male","33","k.ellis@randatmail.com","311-0406-79","Upper secondary","Florist","12","116505","Married","2"
"Fiona","Fowler","Female","40","f.fowler@randatmail.com","316-8964-22","Bachelor","Mechanic","0","190603","Single","0"
"Violet","Morris","Female","30","v.morris@randatmail.com","744-6261-57","Doctoral","Journalist","7","135130","Single","4"
"Lily","Grant","Female","40","l.grant@randatmail.com","065-0439-47","Master","Astronomer","3","112236","Single","4"
"Daryl","Tucker","Male","33","d.tucker@randatmail.com","117-6627-12","Upper secondary","Driver","2","124621","Single","0"
"Dainton","Owens","Male","39","d.owens@randatmail.com","489-2713-01","Upper secondary","Aeroplane Pilot","14","82975","Single","0"
"Chester","Roberts","Male","34","c.roberts@randatmail.com","507-9433-30","Primary","Scientist","9","87746","Single","2"
"Adrianna","Ellis","Female","33","a.ellis@randatmail.com","410-2414-90","Lower secondary","Photographer","16","94323","Married","0"
"Leonardo","Myers","Male","32","l.myers@randatmail.com","474-8930-52","Primary","Singer","6","171157","Single","4"
"Roland","Bailey","Male","36","r.bailey@randatmail.com","193-6708-94","Lower secondary","Botanist","14","126324","Married","2"
"Maximilian","Perkins","Male","34","m.perkins@randatmail.com","744-8186-62","Bachelor","Jeweller","1","185396","Married","5"
"Ryan","Andrews","Male","33","r.andrews@randatmail.com","706-6128-74","Doctoral","Historian","10","134145","Married","4"
"Aldus","Kelly","Male","34","a.kelly@randatmail.com","702-9983-17","Upper secondary","Photographer","10","176639","Married","1"
"Wilson","Turner","Male","30","w.turner@randatmail.com","566-9037-23","Upper secondary","Jeweller","2","68290","Single","1"
"Kate","Thompson","Female","37","k.thompson@randatmail.com","546-1816-26","Bachelor","Pharmacist","16","159706","Married","4"
"Cherry","Andrews","Female","36","c.andrews@randatmail.com","263-6668-02","Bachelor","Fashion Designer","17","37716","Single","3"
"Jenna","Morrison","Female","33","j.morrison@randatmail.com","476-1286-06","Master","Agronomist","3","129147","Single","2"
"Arianna","Thompson","Female","35","a.thompson@randatmail.com","415-7591-50","Lower secondary","Scientist","15","112673","Married","2"
"Jack","Campbell","Male","32","j.campbell@randatmail.com","857-7383-58","Primary","Agronomist","12","90723","Married","0"
"Tony","Phillips","Male","31","t.phillips@randatmail.com","046-7540-91","Lower secondary","Geologist","0","168654","Single","5"
"Steven","Armstrong","Male","34","s.armstrong@randatmail.com","546-4008-63","Doctoral","Graphic Designer","7","75912","Married","1"
"Edward","Miller","Male","35","e.miller@randatmail.com","628-4130-50","Upper secondary","Driver","1","122051","Single","0"
"Preston","Robinson","Male","39","p.robinson@randatmail.com","109-9744-53","Lower secondary","Hairdresser","17","119801","Married","4"
"Henry","Rogers","Male","40","h.rogers@randatmail.com","242-7737-30","Primary","Historian","9","171937","Married","5"
"Valeria","Mitchell","Female","39","v.mitchell@randatmail.com","310-2366-38","Bachelor","Economist","19","169850","Married","2"
"Adison","Baker","Male","37","a.baker@randatmail.com","122-7413-59","Master","Police Officer","7","117310","Married","2"
"Chester","Martin","Male","30","c.martin@randatmail.com","000-9418-31","Upper secondary","Physicist","0","151475","Married","4"
"Fenton","Williams","Male","32","f.williams@randatmail.com","763-5873-55","Lower secondary","Social Worker","12","32489","Single","0"
"Adam","Ryan","Male","32","a.ryan@randatmail.com","304-9875-80","Upper secondary","Botanist","9","101212","Married","4"
"Miley","Stewart","Female","33","m.stewart@randatmail.com","211-8961-46","Doctoral","Graphic Designer","2","176979","Married","0"
"Lana","Foster","Female","34","l.foster@randatmail.com","683-9092-69","Doctoral","Agronomist","13","154241","Single","4"
"Connie","Murphy","Female","34","c.murphy@randatmail.com","320-4641-89","Lower secondary","Chemist","13","182194","Married","3"
"Oscar","Fowler","Male","32","o.fowler@randatmail.com","318-8389-75","Doctoral","Producer","5","67548","Single","5"
"Derek","Allen","Male","36","d.allen@randatmail.com","233-9254-97","Primary","Mechanic","2","57733","Married","4"
"Ted","Wilson","Male","37","t.wilson@randatmail.com","910-5301-67","Bachelor","Astronomer","17","39313","Single","3"
"Adison","Cooper","Male","39","a.cooper@randatmail.com","288-1736-53","Bachelor","Historian","7","170359","Single","5"
"Melissa","Walker","Female","38","m.walker@randatmail.com","515-5132-33","Master","Composer","9","125594","Single","3"
"Adele","Harrison","Female","36","a.harrison@randatmail.com","829-1400-69","Upper secondary","Lecturer","13","31776","Married","0"
"Camila","Andrews","Female","33","c.andrews@randatmail.com","561-7935-49","Upper secondary","Insurer","6","143956","Single","0"
"Roman","Lloyd","Male","34","r.lloyd@randatmail.com","323-9914-41","Primary","Social Worker","3","150576","Married","2"
"Tara","Lloyd","Female","35","t.lloyd@randatmail.com","156-0464-71","Doctoral","Florist","13","97747","Married","4"
"Kimberly","Campbell","Female","36","k.campbell@randatmail.com","099-4325-28","Doctoral","Architect","0","82758","Married","0"
"Preston","Nelson","Male","31","p.nelson@randatmail.com","831-6443-84","Bachelor","Scientist","3","150718","Single","0"
"Hailey","Murphy","Female","36","h.murphy@randatmail.com","547-1132-15","Lower secondary","Botanist","17","86455","Married","1"
"Dominik","Riley","Male","37","d.riley@randatmail.com","620-5326-54","Lower secondary","Botanist","1","69535","Single","2"
"Elise","West","Female","31","e.west@randatmail.com","859-8425-33","Master","Teacher","2","165900","Single","3"
"Stella","Warren","Female","33","s.warren@randatmail.com","162-2471-81","Lower secondary","Chef","14","119920","Single","5"
"Lilianna","Gibson","Female","30","l.gibson@randatmail.com","948-3514-56","Master","Electrician","5","108512","Married","0"
"Amelia","Spencer","Female","35","a.spencer@randatmail.com","053-6867-13","Lower secondary","Producer","9","153375","Single","2"
"Grace","Armstrong","Female","40","g.armstrong@randatmail.com","809-6896-93","Bachelor","Programmer","15","85633","Single","4"
"Elise","Brown","Female","39","e.brown@randatmail.com","125-0464-64","Doctoral","Salesman","0","104436","Single","3"
"Kimberly","Johnston","Female","39","k.johnston@randatmail.com","532-5387-76","Upper secondary","Meteorologist","13","188743","Single","4"
"Carlos","Morris","Male","33","c.morris@randatmail.com","609-0997-13","Master","Engineer","12","124754","Single","3"
"Annabella","Johnson","Female","30","a.johnson@randatmail.com","337-2796-25","Upper secondary","Botanist","8","93955","Married","2"
"Adele","Wilson","Female","36","a.wilson@randatmail.com","416-6738-77","Lower secondary","Driver","16","67051","Married","1"
"Amanda","Smith","Female","38","a.smith@randatmail.com","676-5253-39","Doctoral","Composer","9","72026","Married","4"
"Preston","Perkins","Male","39","p.perkins@randatmail.com","014-8863-32","Doctoral","Dancer","17","72842","Married","0"
"Thomas","Watson","Male","33","t.watson@randatmail.com","585-4826-39","Master","Actor","9","198712","Single","2"
"Marcus","Stewart","Male","34","m.stewart@randatmail.com","960-6779-96","Bachelor","Botanist","7","51191","Single","0"
"Kelsey","Baker","Female","32","k.baker@randatmail.com","995-4298-19","Lower secondary","Fashion Designer","10","33917","Single","1"
"Lenny","Robinson","Male","34","l.robinson@randatmail.com","099-9081-66","Lower secondary","Interpreter","6","68412","Married","0"
"Owen","Montgomery","Male","32","o.montgomery@randatmail.com","126-7159-80","Doctoral","Biochemist","10","165358","Single","0"
"Daisy","Barnes","Female","30","d.barnes@randatmail.com","312-3138-97","Lower secondary","Physicist","15","179582","Married","5"
"April","Ferguson","Female","35","a.ferguson@randatmail.com","154-4934-25","Master","Dancer","8","100817","Married","1"
"Oliver","Dixon","Male","32","o.dixon@randatmail.com","451-5100-63","Upper secondary","Lawer","2","93542","Single","4"
"Charlotte","Kelly","Female","34","c.kelly@randatmail.com","578-9166-20","Bachelor","Chemist","8","78304","Married","2"
"Hailey","Higgins","Female","30","h.higgins@randatmail.com","680-5072-14","Master","Scientist","0","117959","Single","3"
"George","Hunt","Male","31","g.hunt@randatmail.com","926-2227-26","Bachelor","Driver","7","113491","Married","3"
"Spike","Murray","Male","36","s.murray@randatmail.com","649-4117-65","Primary","Agronomist","16","171938","Married","2"
"Walter","Perry","Male","37","w.perry@randatmail.com","890-6941-27","Upper secondary","Mathematician","6","42922","Single","1"
"Richard","Watson","Male","38","r.watson@randatmail.com","607-7732-27","Lower secondary","Chemist","18","175096","Married","3"
"Maya","Henderson","Female","37","m.henderson@randatmail.com","630-6484-13","Master","Producer","16","147320","Married","2"
"Naomi","Stevens","Female","39","n.stevens@randatmail.com","491-2967-57","Doctoral","Veterinarian","17","40112","Married","3"
"Rebecca","Lloyd","Female","34","r.lloyd@randatmail.com","838-8590-13","Lower secondary","Firefighter","1","77710","Married","4"
"Natalie","Thompson","Female","35","n.thompson@randatmail.com","054-5762-01","Master","Chef","16","98097","Single","1"
"Abraham","Johnson","Male","32","a.johnson@randatmail.com","418-7380-68","Primary","Medic","9","61844","Married","5"
"Lucas","Robinson","Male","40","l.robinson@randatmail.com","238-3078-96","Primary","Cook","4","66785","Married","1"
"Ada","Andrews","Female","33","a.andrews@randatmail.com","784-8094-22","Doctoral","Auditor","11","128172","Single","5"
"Harold","Cole","Male","37","h.cole@randatmail.com","310-8427-44","Master","Medic","15","31726","Married","4"
"Florrie","Grant","Female","35","f.grant@randatmail.com","553-2641-49","Primary","Photographer","1","50856","Married","4"
"Melissa","Kelley","Female","30","m.kelley@randatmail.com","509-6467-34","Master","Driver","3","43084","Married","0"
"Clark","Cole","Male","30","c.cole@randatmail.com","147-3896-21","Doctoral","Engineer","3","111558","Married","1"
"Sarah","Turner","Female","32","s.turner@randatmail.com","526-3329-73","Master","Biochemist","10","163186","Single","3"
"Kimberly","Hall","Female","30","k.hall@randatmail.com","436-7474-18","Doctoral","Scientist","2","163358","Married","4"
"Myra","Hamilton","Female","33","m.hamilton@randatmail.com","020-2495-44","Primary","Meteorologist","12","107010","Single","3"
"Walter","Henderson","Male","37","w.henderson@randatmail.com","773-1107-42","Primary","Cook","15","185206","Single","3"
"Arnold","Parker","Male","38","a.parker@randatmail.com","981-6858-43","Master","Astronomer","1","93972","Single","1"
"Leonardo","Bailey","Male","36","l.bailey@randatmail.com","118-2552-67","Upper secondary","Biochemist","17","167597","Married","5"
"James","Wells","Male","35","j.wells@randatmail.com","215-0224-95","Upper secondary","Police Officer","1","187005","Married","2"
"Sawyer","Fowler","Male","31","s.fowler@randatmail.com","206-4475-88","Primary","Lawer","9","146596","Single","5"
"Walter","Reed","Male","36","w.reed@randatmail.com","040-5402-67","Doctoral","Engineer","4","155841","Married","2"
"Agata","Spencer","Female","38","a.spencer@randatmail.com","857-8154-00","Bachelor","Graphic Designer","17","150744","Single","4"
"Maximilian","Cunningham","Male","32","m.cunningham@randatmail.com","303-6318-24","Bachelor","Scientist","10","128814","Married","3"
"Vincent","Cunningham","Male","35","v.cunningham@randatmail.com","230-6289-04","Lower secondary","Electrician","0","74497","Married","4"
"Carlos","Barrett","Male","34","c.barrett@randatmail.com","324-8439-42","Lower secondary","Aeroplane Pilot","12","68617","Single","3"
"Elian","Farrell","Male","32","e.farrell@randatmail.com","589-6081-22","Master","Programmer","0","132367","Single","0"
"Cadie","Walker","Female","31","c.walker@randatmail.com","297-3350-32","Bachelor","Physicist","1","66688","Single","3"
"Carlos","Harrison","Male","37","c.harrison@randatmail.com","328-7991-37","Lower secondary","Historian","9","112601","Married","2"
"Ryan","Davis","Male","40","r.davis@randatmail.com","184-2417-09","Doctoral","Agronomist","15","85202","Single","1"
"Alen","Miller","Male","32","a.miller@randatmail.com","568-8488-09","Master","Auditor","4","145147","Single","0"
"Tess","Gibson","Female","35","t.gibson@randatmail.com","971-3747-97","Bachelor","Police Officer","12","70802","Single","4"
"Clark","Mitchell","Male","40","c.mitchell@randatmail.com","878-7658-25","Bachelor","Journalist","1","180727","Married","3"
"Max","Bennett","Male","39","m.bennett@randatmail.com","434-0323-89","Primary","Botanist","2","193106","Married","1"
"Arthur","Clark","Male","39","a.clark@randatmail.com","528-7788-24","Primary","Chemist","18","127367","Single","2"
"Jessica","Alexander","Female","30","j.alexander@randatmail.com","695-3315-12","Primary","Florist","5","158516","Single","1"
"Heather","Parker","Female","33","h.parker@randatmail.com","246-4470-96","Master","Architect","16","30980","Married","4"
"Tiana","Murphy","Female","39","t.murphy@randatmail.com","538-7220-95","Lower secondary","Florist","4","182065","Single","2"
"Kirsten","Crawford","Female","32","k.crawford@randatmail.com","427-2819-98","Primary","Graphic Designer","6","174052","Single","4"
"Tara","Scott","Female","36","t.scott@randatmail.com","576-1028-87","Upper secondary","Chef","5","189820","Single","4"
"Emily","Higgins","Female","33","e.higgins@randatmail.com","724-0072-50","Lower secondary","Veterinarian","14","115890","Single","4"
"James","Morgan","Male","40","j.morgan@randatmail.com","934-6288-72","Primary","Veterinarian","19","45028","Married","3"
"John","Owens","Male","31","j.owens@randatmail.com","700-0458-87","Doctoral","Electrician","13","61422","Single","1"
"Charlie","Evans","Male","34","c.evans@randatmail.com","572-9416-05","Upper secondary","Astronomer","2","185319","Married","2"
"Leonardo","Moore","Male","39","l.moore@randatmail.com","762-8129-34","Master","Auditor","11","146447","Married","0"
"Charlotte","Myers","Female","34","c.myers@randatmail.com","656-0481-96","Primary","Astronomer","8","53303","Single","0"
"Chester","Farrell","Male","34","c.farrell@randatmail.com","201-2497-78","Upper secondary","Actor","3","86044","Single","0"
"Paige","Bailey","Female","35","p.bailey@randatmail.com","695-5214-16","Lower secondary","Salesman","14","199889","Married","3"
"Owen","Craig","Male","39","o.craig@randatmail.com","607-5801-19","Doctoral","Astronomer","11","194301","Married","2"
"Ellia","Stewart","Female","35","e.stewart@randatmail.com","237-0562-19","Bachelor","Chemist","6","147369","Married","3"
"Carl","Parker","Male","39","c.parker@randatmail.com","537-5260-15","Primary","Fashion Designer","10","102467","Single","2"
"James","Craig","Male","38","j.craig@randatmail.com","443-6956-31","Master","Teacher","13","169016","Single","1"
"Sophia","Hill","Female","38","s.hill@randatmail.com","935-5882-86","Primary","Economist","14","98059","Single","0"
"Charlie","West","Male","34","c.west@randatmail.com","082-0712-07","Doctoral","Botanist","4","141412","Married","1"
"Edwin","Carter","Male","40","e.carter@randatmail.com","832-7701-54","Bachelor","Meteorologist","7","92196","Single","1"
"Stella","Elliott","Female","35","s.elliott@randatmail.com","578-2270-98","Primary","Programmer","0","117294","Single","3"
"Hailey","Richardson","Female","33","h.richardson@randatmail.com","972-6926-77","Bachelor","Astronomer","9","148446","Single","3"
"Jordan","Morgan","Male","35","j.morgan@randatmail.com","893-8475-50","Primary","Insurer","15","184491","Married","5"
"Aldus","Bailey","Male","32","a.bailey@randatmail.com","470-9892-03","Bachelor","Electrician","0","194042","Single","4"
"Elian","Gray","Male","36","e.gray@randatmail.com","513-2639-14","Doctoral","Singer","0","79288","Married","5"
"Sabrina","Richards","Female","40","s.richards@randatmail.com","483-2168-06","Upper secondary","Police Officer","20","86683","Married","0"
"Penelope","Rogers","Female","38","p.rogers@randatmail.com","619-1576-06","Lower secondary","Composer","14","142002","Single","3"
"James","Montgomery","Male","38","j.montgomery@randatmail.com","519-6373-65","Bachelor","Graphic Designer","8","156713","Married","3"
"Paul","Crawford","Male","37","p.crawford@randatmail.com","705-3394-26","Master","Journalist","4","115057","Single","3"
"Julia","Evans","Female","35","j.evans@randatmail.com","541-1425-77","Master","Teacher","3","80975","Single","0"
"Tyler","Crawford","Male","36","t.crawford@randatmail.com","117-8928-74","Master","Producer","7","54617","Married","4"
"Eric","Perry","Male","30","e.perry@randatmail.com","094-4700-30","Master","Chemist","15","107955","Married","0"
"Honey","Nelson","Female","30","h.nelson@randatmail.com","181-0055-30","Primary","Scientist","5","96003","Married","3"
"Wilson","Morgan","Male","33","w.morgan@randatmail.com","380-5513-67","Bachelor","Firefighter","9","159406","Single","4"
"Jordan","Barnes","Male","36","j.barnes@randatmail.com","547-4599-32","Upper secondary","Agronomist","17","136336","Married","2"
"Ryan","Reed","Male","36","r.reed@randatmail.com","377-7463-92","Lower secondary","Teacher","17","77889","Married","4"
"Jared","Barnes","Male","33","j.barnes@randatmail.com","211-4771-40","Doctoral","Graphic Designer","11","44010","Married","3"
"Tara","Moore","Female","32","t.moore@randatmail.com","920-9123-40","Lower secondary","Firefighter","1","197499","Married","3"
"Nicole","Richards","Female","38","n.richards@randatmail.com","322-1997-75","Upper secondary","Agronomist","2","73266","Single","3"
"Sarah","Douglas","Female","39","s.douglas@randatmail.com","446-4553-52","Upper secondary","Engineer","17","163630","Single","4"
"Frederick","Davis","Male","32","f.davis@randatmail.com","800-5038-30","Lower secondary","Archeologist","8","163103","Single","2"
"Camila","Montgomery","Female","38","c.montgomery@randatmail.com","450-6774-53","Bachelor","Accountant","8","48574","Single","1"
"Blake","Mitchell","Male","33","b.mitchell@randatmail.com","704-2360-68","Master","Aeroplane Pilot","13","182457","Single","1"
"Wilson","Wilson","Male","39","w.wilson@randatmail.com","345-0435-43","Master","Interior Designer","2","102081","Married","4"
"Isabella","Armstrong","Female","30","i.armstrong@randatmail.com","694-2542-79","Doctoral","Police Officer","11","124061","Single","1"
"Brad","Davis","Male","35","b.davis@randatmail.com","748-3834-79","Primary","Architect","12","43004","Single","5"
"Alan","Tucker","Male","33","a.tucker@randatmail.com","453-1398-57","Bachelor","Singer","10","62124","Single","4"
"Jenna","Fowler","Female","36","j.fowler@randatmail.com","359-4679-64","Master","Firefighter","9","198974","Married","5"
"Charlie","Morgan","Male","30","c.morgan@randatmail.com","771-4972-28","Bachelor","Firefighter","5","170912","Married","2"
"Sofia","Williams","Female","31","s.williams@randatmail.com","962-1596-64","Bachelor","Graphic Designer","6","102037","Married","4"
"Rafael","Wells","Male","35","r.wells@randatmail.com","577-1643-25","Doctoral","Historian","17","145855","Married","1"
"Grace","Riley","Female","35","g.riley@randatmail.com","827-9724-68","Upper secondary","Engineer","0","123591","Married","3"
"Alberta","Kelley","Female","40","a.kelley@randatmail.com","668-9081-10","Doctoral","Mathematician","20","40068","Married","4"
"Maya","Andrews","Female","33","m.andrews@randatmail.com","117-4304-94","Bachelor","Driver","6","162159","Married","2"
"Amelia","Hawkins","Female","33","a.hawkins@randatmail.com","978-6438-63","Upper secondary","Mechanic","13","81092","Single","5"
"Tiana","Cooper","Female","31","t.cooper@randatmail.com","590-0234-70","Lower secondary","Hairdresser","10","58472","Single","0"
"Miley","Adams","Female","31","m.adams@randatmail.com","935-4589-73","Primary","Lawer","15","126311","Married","1"
"Kirsten","Miller","Female","40","k.miller@randatmail.com","957-0262-48","Doctoral","Archeologist","9","149503","Single","0"
"Fiona","Higgins","Female","39","f.higgins@randatmail.com","420-9893-03","Primary","Architect","11","87220","Single","5"
"Byron","Perry","Male","32","b.perry@randatmail.com","262-6292-38","Primary","Fine Artist","1","54407","Married","0"
"Heather","Gray","Female","35","h.gray@randatmail.com","230-1221-45","Primary","Actor","12","79124","Married","2"
"Alberta","Robinson","Female","32","a.robinson@randatmail.com","381-3095-74","Bachelor","Botanist","5","107830","Married","2"
"Byron","Holmes","Male","36","b.holmes@randatmail.com","660-4028-62","Doctoral","Pharmacist","2","171207","Single","4"
"Dainton","Holmes","Male","36","d.holmes@randatmail.com","980-4440-04","Primary","Salesman","18","32697","Single","0"
"Heather","Evans","Female","36","h.evans@randatmail.com","217-7724-89","Bachelor","Teacher","0","136129","Single","3"
"Alfred","Alexander","Male","32","a.alexander@randatmail.com","019-2390-03","Upper secondary","Archeologist","3","92495","Single","1"
"Sofia","Johnston","Female","33","s.johnston@randatmail.com","804-6451-80","Upper secondary","Electrician","4","81804","Single","2"
"Kimberly","Harris","Female","36","k.harris@randatmail.com","648-8578-27","Upper secondary","Scientist","8","133901","Single","0"
"Henry","Baker","Male","31","h.baker@randatmail.com","926-9039-12","Bachelor","Mechanic","15","184997","Single","1"
"Vanessa","Williams","Female","37","v.williams@randatmail.com","191-7063-63","Master","Carpenter","2","196821","Single","2"
"Caroline","Walker","Female","39","c.walker@randatmail.com","693-8300-81","Lower secondary","Police Officer","3","38106","Married","2"
"Lana","Warren","Female","37","l.warren@randatmail.com","069-8262-28","Upper secondary","Driver","15","199170","Single","4"
"Abraham","Tucker","Male","39","a.tucker@randatmail.com","049-7511-90","Master","Social Worker","15","117557","Married","0"
"Carl","Thompson","Male","37","c.thompson@randatmail.com","530-9648-38","Master","Social Worker","18","133899","Single","5"
"Eleanor","Fowler","Female","31","e.fowler@randatmail.com","273-4172-22","Upper secondary","Meteorologist","7","194275","Married","4"
"Violet","Alexander","Female","38","v.alexander@randatmail.com","033-0505-34","Lower secondary","Interior Designer","13","136872","Married","1"
"Isabella","Roberts","Female","40","i.roberts@randatmail.com","569-6209-94","Upper secondary","Photographer","13","93638","Married","3"
